-- MySQL dump 10.13  Distrib 5.5.41, for debian-linux-gnu (x86_64)
--
-- Host: localhost    Database: haircutproapp
-- ------------------------------------------------------
-- Server version	5.5.41-0ubuntu0.14.04.1

/*!40101 SET @OLD_CHARACTER_SET_CLIENT=@@CHARACTER_SET_CLIENT */;
/*!40101 SET @OLD_CHARACTER_SET_RESULTS=@@CHARACTER_SET_RESULTS */;
/*!40101 SET @OLD_COLLATION_CONNECTION=@@COLLATION_CONNECTION */;
/*!40101 SET NAMES utf8 */;
/*!40103 SET @OLD_TIME_ZONE=@@TIME_ZONE */;
/*!40103 SET TIME_ZONE='+00:00' */;
/*!40014 SET @OLD_UNIQUE_CHECKS=@@UNIQUE_CHECKS, UNIQUE_CHECKS=0 */;
/*!40014 SET @OLD_FOREIGN_KEY_CHECKS=@@FOREIGN_KEY_CHECKS, FOREIGN_KEY_CHECKS=0 */;
/*!40101 SET @OLD_SQL_MODE=@@SQL_MODE, SQL_MODE='NO_AUTO_VALUE_ON_ZERO' */;
/*!40111 SET @OLD_SQL_NOTES=@@SQL_NOTES, SQL_NOTES=0 */;

--
-- Table structure for table `auth_group`
--

DROP TABLE IF EXISTS `auth_group`;
/*!40101 SET @saved_cs_client     = @@character_set_client */;
/*!40101 SET character_set_client = utf8 */;
CREATE TABLE `auth_group` (
  `id` int(11) NOT NULL AUTO_INCREMENT,
  `name` varchar(80) NOT NULL,
  PRIMARY KEY (`id`),
  UNIQUE KEY `name` (`name`)
) ENGINE=InnoDB DEFAULT CHARSET=latin1;
/*!40101 SET character_set_client = @saved_cs_client */;

--
-- Dumping data for table `auth_group`
--

LOCK TABLES `auth_group` WRITE;
/*!40000 ALTER TABLE `auth_group` DISABLE KEYS */;
/*!40000 ALTER TABLE `auth_group` ENABLE KEYS */;
UNLOCK TABLES;

--
-- Table structure for table `auth_group_permissions`
--

DROP TABLE IF EXISTS `auth_group_permissions`;
/*!40101 SET @saved_cs_client     = @@character_set_client */;
/*!40101 SET character_set_client = utf8 */;
CREATE TABLE `auth_group_permissions` (
  `id` int(11) NOT NULL AUTO_INCREMENT,
  `group_id` int(11) NOT NULL,
  `permission_id` int(11) NOT NULL,
  PRIMARY KEY (`id`),
  UNIQUE KEY `group_id` (`group_id`,`permission_id`),
  KEY `auth_group_permissions_0e939a4f` (`group_id`),
  KEY `auth_group_permissions_8373b171` (`permission_id`),
  CONSTRAINT `auth_group_permission_group_id_689710a9a73b7457_fk_auth_group_id` FOREIGN KEY (`group_id`) REFERENCES `auth_group` (`id`),
  CONSTRAINT `auth_group__permission_id_1f49ccbbdc69d2fc_fk_auth_permission_id` FOREIGN KEY (`permission_id`) REFERENCES `auth_permission` (`id`)
) ENGINE=InnoDB DEFAULT CHARSET=latin1;
/*!40101 SET character_set_client = @saved_cs_client */;

--
-- Dumping data for table `auth_group_permissions`
--

LOCK TABLES `auth_group_permissions` WRITE;
/*!40000 ALTER TABLE `auth_group_permissions` DISABLE KEYS */;
/*!40000 ALTER TABLE `auth_group_permissions` ENABLE KEYS */;
UNLOCK TABLES;

--
-- Table structure for table `auth_permission`
--

DROP TABLE IF EXISTS `auth_permission`;
/*!40101 SET @saved_cs_client     = @@character_set_client */;
/*!40101 SET character_set_client = utf8 */;
CREATE TABLE `auth_permission` (
  `id` int(11) NOT NULL AUTO_INCREMENT,
  `name` varchar(50) NOT NULL,
  `content_type_id` int(11) NOT NULL,
  `codename` varchar(100) NOT NULL,
  PRIMARY KEY (`id`),
  UNIQUE KEY `content_type_id` (`content_type_id`,`codename`),
  KEY `auth_permission_417f1b1c` (`content_type_id`),
  CONSTRAINT `auth__content_type_id_508cf46651277a81_fk_django_content_type_id` FOREIGN KEY (`content_type_id`) REFERENCES `django_content_type` (`id`)
) ENGINE=InnoDB AUTO_INCREMENT=22 DEFAULT CHARSET=latin1;
/*!40101 SET character_set_client = @saved_cs_client */;

--
-- Dumping data for table `auth_permission`
--

LOCK TABLES `auth_permission` WRITE;
/*!40000 ALTER TABLE `auth_permission` DISABLE KEYS */;
INSERT INTO `auth_permission` VALUES (1,'Can add log entry',1,'add_logentry'),(2,'Can change log entry',1,'change_logentry'),(3,'Can delete log entry',1,'delete_logentry'),(4,'Can add permission',2,'add_permission'),(5,'Can change permission',2,'change_permission'),(6,'Can delete permission',2,'delete_permission'),(7,'Can add group',3,'add_group'),(8,'Can change group',3,'change_group'),(9,'Can delete group',3,'delete_group'),(10,'Can add user',4,'add_user'),(11,'Can change user',4,'change_user'),(12,'Can delete user',4,'delete_user'),(13,'Can add content type',5,'add_contenttype'),(14,'Can change content type',5,'change_contenttype'),(15,'Can delete content type',5,'delete_contenttype'),(16,'Can add session',6,'add_session'),(17,'Can change session',6,'change_session'),(18,'Can delete session',6,'delete_session'),(19,'Can add tweets searched',7,'add_tweetssearched'),(20,'Can change tweets searched',7,'change_tweetssearched'),(21,'Can delete tweets searched',7,'delete_tweetssearched');
/*!40000 ALTER TABLE `auth_permission` ENABLE KEYS */;
UNLOCK TABLES;

--
-- Table structure for table `auth_user`
--

DROP TABLE IF EXISTS `auth_user`;
/*!40101 SET @saved_cs_client     = @@character_set_client */;
/*!40101 SET character_set_client = utf8 */;
CREATE TABLE `auth_user` (
  `id` int(11) NOT NULL AUTO_INCREMENT,
  `password` varchar(128) NOT NULL,
  `last_login` datetime NOT NULL,
  `is_superuser` tinyint(1) NOT NULL,
  `username` varchar(30) NOT NULL,
  `first_name` varchar(30) NOT NULL,
  `last_name` varchar(30) NOT NULL,
  `email` varchar(75) NOT NULL,
  `is_staff` tinyint(1) NOT NULL,
  `is_active` tinyint(1) NOT NULL,
  `date_joined` datetime NOT NULL,
  PRIMARY KEY (`id`),
  UNIQUE KEY `username` (`username`)
) ENGINE=InnoDB AUTO_INCREMENT=2 DEFAULT CHARSET=latin1;
/*!40101 SET character_set_client = @saved_cs_client */;

--
-- Dumping data for table `auth_user`
--

LOCK TABLES `auth_user` WRITE;
/*!40000 ALTER TABLE `auth_user` DISABLE KEYS */;
INSERT INTO `auth_user` VALUES (1,'pbkdf2_sha256$12000$xli6TG1LxUoB$fK5Pmymt3fqOaHCPAu+O5BuX+8SHXYWDB+79MSULyuc=','2015-04-07 02:53:32',1,'kaushikdr','','','kaushik06101992@gmail.com',1,1,'2015-04-07 02:53:32');
/*!40000 ALTER TABLE `auth_user` ENABLE KEYS */;
UNLOCK TABLES;

--
-- Table structure for table `auth_user_groups`
--

DROP TABLE IF EXISTS `auth_user_groups`;
/*!40101 SET @saved_cs_client     = @@character_set_client */;
/*!40101 SET character_set_client = utf8 */;
CREATE TABLE `auth_user_groups` (
  `id` int(11) NOT NULL AUTO_INCREMENT,
  `user_id` int(11) NOT NULL,
  `group_id` int(11) NOT NULL,
  PRIMARY KEY (`id`),
  UNIQUE KEY `user_id` (`user_id`,`group_id`),
  KEY `auth_user_groups_e8701ad4` (`user_id`),
  KEY `auth_user_groups_0e939a4f` (`group_id`),
  CONSTRAINT `auth_user_groups_group_id_33ac548dcf5f8e37_fk_auth_group_id` FOREIGN KEY (`group_id`) REFERENCES `auth_group` (`id`),
  CONSTRAINT `auth_user_groups_user_id_4b5ed4ffdb8fd9b0_fk_auth_user_id` FOREIGN KEY (`user_id`) REFERENCES `auth_user` (`id`)
) ENGINE=InnoDB DEFAULT CHARSET=latin1;
/*!40101 SET character_set_client = @saved_cs_client */;

--
-- Dumping data for table `auth_user_groups`
--

LOCK TABLES `auth_user_groups` WRITE;
/*!40000 ALTER TABLE `auth_user_groups` DISABLE KEYS */;
/*!40000 ALTER TABLE `auth_user_groups` ENABLE KEYS */;
UNLOCK TABLES;

--
-- Table structure for table `auth_user_user_permissions`
--

DROP TABLE IF EXISTS `auth_user_user_permissions`;
/*!40101 SET @saved_cs_client     = @@character_set_client */;
/*!40101 SET character_set_client = utf8 */;
CREATE TABLE `auth_user_user_permissions` (
  `id` int(11) NOT NULL AUTO_INCREMENT,
  `user_id` int(11) NOT NULL,
  `permission_id` int(11) NOT NULL,
  PRIMARY KEY (`id`),
  UNIQUE KEY `user_id` (`user_id`,`permission_id`),
  KEY `auth_user_user_permissions_e8701ad4` (`user_id`),
  KEY `auth_user_user_permissions_8373b171` (`permission_id`),
  CONSTRAINT `auth_user_user_permissi_user_id_7f0938558328534a_fk_auth_user_id` FOREIGN KEY (`user_id`) REFERENCES `auth_user` (`id`),
  CONSTRAINT `auth_user_u_permission_id_384b62483d7071f0_fk_auth_permission_id` FOREIGN KEY (`permission_id`) REFERENCES `auth_permission` (`id`)
) ENGINE=InnoDB DEFAULT CHARSET=latin1;
/*!40101 SET character_set_client = @saved_cs_client */;

--
-- Dumping data for table `auth_user_user_permissions`
--

LOCK TABLES `auth_user_user_permissions` WRITE;
/*!40000 ALTER TABLE `auth_user_user_permissions` DISABLE KEYS */;
/*!40000 ALTER TABLE `auth_user_user_permissions` ENABLE KEYS */;
UNLOCK TABLES;

--
-- Table structure for table `django_admin_log`
--

DROP TABLE IF EXISTS `django_admin_log`;
/*!40101 SET @saved_cs_client     = @@character_set_client */;
/*!40101 SET character_set_client = utf8 */;
CREATE TABLE `django_admin_log` (
  `id` int(11) NOT NULL AUTO_INCREMENT,
  `action_time` datetime NOT NULL,
  `object_id` longtext,
  `object_repr` varchar(200) NOT NULL,
  `action_flag` smallint(5) unsigned NOT NULL,
  `change_message` longtext NOT NULL,
  `content_type_id` int(11) DEFAULT NULL,
  `user_id` int(11) NOT NULL,
  PRIMARY KEY (`id`),
  KEY `django_admin_log_417f1b1c` (`content_type_id`),
  KEY `django_admin_log_e8701ad4` (`user_id`),
  CONSTRAINT `django_admin_log_user_id_52fdd58701c5f563_fk_auth_user_id` FOREIGN KEY (`user_id`) REFERENCES `auth_user` (`id`),
  CONSTRAINT `djang_content_type_id_697914295151027a_fk_django_content_type_id` FOREIGN KEY (`content_type_id`) REFERENCES `django_content_type` (`id`)
) ENGINE=InnoDB DEFAULT CHARSET=latin1;
/*!40101 SET character_set_client = @saved_cs_client */;

--
-- Dumping data for table `django_admin_log`
--

LOCK TABLES `django_admin_log` WRITE;
/*!40000 ALTER TABLE `django_admin_log` DISABLE KEYS */;
/*!40000 ALTER TABLE `django_admin_log` ENABLE KEYS */;
UNLOCK TABLES;

--
-- Table structure for table `django_content_type`
--

DROP TABLE IF EXISTS `django_content_type`;
/*!40101 SET @saved_cs_client     = @@character_set_client */;
/*!40101 SET character_set_client = utf8 */;
CREATE TABLE `django_content_type` (
  `id` int(11) NOT NULL AUTO_INCREMENT,
  `name` varchar(100) NOT NULL,
  `app_label` varchar(100) NOT NULL,
  `model` varchar(100) NOT NULL,
  PRIMARY KEY (`id`),
  UNIQUE KEY `django_content_type_app_label_45f3b1d93ec8c61c_uniq` (`app_label`,`model`)
) ENGINE=InnoDB AUTO_INCREMENT=8 DEFAULT CHARSET=latin1;
/*!40101 SET character_set_client = @saved_cs_client */;

--
-- Dumping data for table `django_content_type`
--

LOCK TABLES `django_content_type` WRITE;
/*!40000 ALTER TABLE `django_content_type` DISABLE KEYS */;
INSERT INTO `django_content_type` VALUES (1,'log entry','admin','logentry'),(2,'permission','auth','permission'),(3,'group','auth','group'),(4,'user','auth','user'),(5,'content type','contenttypes','contenttype'),(6,'session','sessions','session'),(7,'tweets searched','haircuttweets','tweetssearched');
/*!40000 ALTER TABLE `django_content_type` ENABLE KEYS */;
UNLOCK TABLES;

--
-- Table structure for table `django_migrations`
--

DROP TABLE IF EXISTS `django_migrations`;
/*!40101 SET @saved_cs_client     = @@character_set_client */;
/*!40101 SET character_set_client = utf8 */;
CREATE TABLE `django_migrations` (
  `id` int(11) NOT NULL AUTO_INCREMENT,
  `app` varchar(255) NOT NULL,
  `name` varchar(255) NOT NULL,
  `applied` datetime NOT NULL,
  PRIMARY KEY (`id`)
) ENGINE=InnoDB AUTO_INCREMENT=7 DEFAULT CHARSET=latin1;
/*!40101 SET character_set_client = @saved_cs_client */;

--
-- Dumping data for table `django_migrations`
--

LOCK TABLES `django_migrations` WRITE;
/*!40000 ALTER TABLE `django_migrations` DISABLE KEYS */;
INSERT INTO `django_migrations` VALUES (1,'contenttypes','0001_initial','2015-04-06 12:47:50'),(2,'auth','0001_initial','2015-04-06 12:47:52'),(3,'admin','0001_initial','2015-04-06 12:47:53'),(4,'sessions','0001_initial','2015-04-06 12:47:53'),(5,'haircuttweets','0001_initial','2015-04-07 02:55:16'),(6,'haircuttweets','0002_auto_20150407_0343','2015-04-07 03:43:16');
/*!40000 ALTER TABLE `django_migrations` ENABLE KEYS */;
UNLOCK TABLES;

--
-- Table structure for table `django_session`
--

DROP TABLE IF EXISTS `django_session`;
/*!40101 SET @saved_cs_client     = @@character_set_client */;
/*!40101 SET character_set_client = utf8 */;
CREATE TABLE `django_session` (
  `session_key` varchar(40) NOT NULL,
  `session_data` longtext NOT NULL,
  `expire_date` datetime NOT NULL,
  PRIMARY KEY (`session_key`),
  KEY `django_session_de54fa62` (`expire_date`)
) ENGINE=InnoDB DEFAULT CHARSET=latin1;
/*!40101 SET character_set_client = @saved_cs_client */;

--
-- Dumping data for table `django_session`
--

LOCK TABLES `django_session` WRITE;
/*!40000 ALTER TABLE `django_session` DISABLE KEYS */;
/*!40000 ALTER TABLE `django_session` ENABLE KEYS */;
UNLOCK TABLES;

--
-- Table structure for table `haircuttweets_tweetssearched`
--

DROP TABLE IF EXISTS `haircuttweets_tweetssearched`;
/*!40101 SET @saved_cs_client     = @@character_set_client */;
/*!40101 SET character_set_client = utf8 */;
CREATE TABLE `haircuttweets_tweetssearched` (
  `id` int(11) NOT NULL AUTO_INCREMENT,
  `tweets_result` mediumtext COLLATE utf8mb4_unicode_ci NOT NULL,
  PRIMARY KEY (`id`)
) ENGINE=InnoDB AUTO_INCREMENT=1001 DEFAULT CHARSET=utf8mb4 COLLATE=utf8mb4_unicode_ci;
/*!40101 SET character_set_client = @saved_cs_client */;

--
-- Dumping data for table `haircuttweets_tweetssearched`
--

LOCK TABLES `haircuttweets_tweetssearched` WRITE;
/*!40000 ALTER TABLE `haircuttweets_tweetssearched` DISABLE KEYS */;
INSERT INTO `haircuttweets_tweetssearched` VALUES (1,'The Hair cut\nAfter getting out of the crate, Hans receive a haircut, shaving and technology lessons. http://t.co/bfL47Senco'),(2,'Will have my haircut later in a bit.'),(3,'haircut got me feelin myself'),(4,'I sweeeeear to GOD a HAIRCUT boosts a niggas confidence. S/o to that 400 time. That changed this whole week. ???'),(5,'@gaberielcinco I had to get a haircut boy, Ima be in Vegas tomorrow with hookers and smoking cigars. Ask my dad if you can go.'),(6,'I want to get a haircut now plz'),(7,'Fcking haircut later ??'),(8,'do I get a haircut or not'),(9,'But for now, you can find me on http://t.co/JAMwWPRzcc playing some league and rockin\' a new haircut.'),(10,'@KButter5 every dook player still got the same haircut. #GoHeels'),(11,'So many niggas got that fucking nappy fro with a taper haircut lol cmon now yall'),(12,'@KennedyNation @iancr @AndreaTantaros What’s the worst thing you can hear when you\'re giving Willie Nelson a haircut?'),(13,'what haircut should I get?'),(14,'First haircut one year later! http://t.co/gpeOm25oG5'),(15,'What\'s the longest you\'ve gone without a haircut? — Probably 6 months? http://t.co/r8tnFFktV5'),(16,'I just realized I have the same haircut as @LeoDiCaprio circa 1995'),(17,'My mom forced me to get a haircut'),(18,'if I could do a juice haircut, shit I would! but eeeee not yet lol'),(19,'which will my next haircut be http://t.co/duTtGgUoxd'),(20,'Rihanna haircut somebody tell chris brown to fuck me up'),(21,'“@liIoalmighty: I\'M CALLING IT NOW HARRY IS GOING TO COME BACK AFTER THESE TWO MONTHS WITH REPUNZLE HAIR OR A FRESH AS FUCK HAIRCUT”fck yea?'),(22,'Note to self: NEVER wear hoop earrings while getting a haircut. EVER! ?'),(23,'Haircut? http://t.co/WRxqv06bcN'),(24,'I be sweating my boyfriend when he get a haircut ???? love him down!'),(25,'Cedric the Entertainer isn\'t a fan of LeBron\'s new haircut:  http://t.co/h1DeG4fPlh http://t.co/KzyevGIm21'),(26,'@Mugsysam @JacobSealock @TNACreative darn i had hoped Jericho gave up that Bon Jovi haircut'),(27,'btw friends i got a haircut this weekend :) http://t.co/Hytg3uu2K6'),(28,'I want a new haircut ?'),(29,'@lolrenaynay nice haircut http://t.co/uIbfO5mNHp'),(30,'I need a haircut tomorrow ?'),(31,'@Finster44 @LukePetros get a haircut.'),(32,'I need a haircut asap ?'),(33,'Getting Haircut Today :D \n#excited #JOTHArmy'),(34,'I feel so bad for my cat my mom gave her the ugliest haircut'),(35,'I\'M CALLING IT NOW HARRY IS GOING TO COME BACK AFTER THESE TWO MONTHS WITH REPUNZLE HAIR OR A FRESH AS FUCK HAIRCUT'),(36,'I\'m just waiting for eric to get done with his haircut at fucking 11:55 at night!'),(37,'imagine gray sending you this, after he got his haircut, asking if you like it http://t.co/CQddIIOhlj'),(38,'?? he has to get this haircut! ?'),(39,'Why all the dudes from Duke got the same haircut?'),(40,'I love getting a fresh haircut. ? http://t.co/w9S2KXiHGh'),(41,'It\'s backed up by Texas voter turnout, of course. Only 13.8% of voters decided to ban gay marriage.'),(42,'@ryannd22 @D_harma_ @jonatchley2 @bellagaskins @jweekly7 @SmithhAaronn I like Grayson\'s haircut ???'),(43,'Nobody understands how bad i need a haircut.'),(44,'Love this kid!!! And his new haircut! https://t.co/37HY6nQqs1'),(45,'I need a haircut now but I gotta have a fresh one for prom next week ?'),(46,'I loveeee my haircut'),(47,'I need a haircut hella bad ?'),(48,'@asvpxsnow @RealSkipBayless Lmao, that comment is as dumb as your haircut!'),(49,'Need a haircut so bad'),(50,'Haircut.'),(51,'I rold u ir was haircut day. And NO  I\'m not buying hair dye. #nograys #kcampsushii #feelingmyself #Mak https://t.co/uCxQFjlFHA'),(52,'Need a haircut pronto!!'),(53,'Wanna get haircut but I need to like actually decide on a style I\'m tired of looking like eric foreman'),(54,'every time i get a haircut this how i look ? http://t.co/4HDSLgp6Hp'),(55,'Haircut tomorrow I got to stay clean'),(56,'I need a haircut.'),(57,'Anecdotal, but when I went to my local Dem meetup I was possibly the only person who hadn\'t been retired since the Reagan years.'),(58,'need a haircut ?? https://t.co/SBTCbxgU3z'),(59,'Finally got a haircut ?? http://t.co/uMPFwAVJxx'),(60,'I want to have a haircut but suddenly my hair became soft and fluffy. ugh, now I\'m torn.'),(61,'sometimes I want a short guy type of haircut'),(62,'Fresh haircut. In-N-Out. Time to watch \"Furious 7\".'),(63,'I hope I get a haircut soon'),(64,'younger pritchard with bags under his eyes that he\'ll never be rid of and a shittier haircut'),(65,'\"@TheReal_Porter: Cook looks like @JColeNC\" the haircut'),(66,'@dannyrukus ur really funny &amp; sweet! oh &amp; i love ur haircut ;)'),(67,'did katy actually get the kris jenner haircut or'),(68,'So today had to get a haircut... My shit been furred for like 2weeks http://t.co/xM5VBDJJIh'),(69,'Getting a haircut makes it feel  feathery!!?'),(70,'I need a haircut asap bruh'),(71,'Haircut! (at Barber shop) — https://t.co/yUnek31Mgl'),(72,'You know you\'re no longer a little kid when the greatest part of the past few weeks is when mom offered to pay for your haircut.'),(73,'Need a haircut.'),(74,'Gotta wear a hat tomorrow because another day without a haircut ?'),(75,'every nigga at #Duke got the same basic nigga haircut.'),(76,'「 #smooth 」 #haircut #堺市 http://t.co/lP7eAb3DFS'),(77,'Hair getting longer . Should i go for a haircut or nah ?'),(78,'ブログを更新しました。 『恋してますか？』\n⇒ http://t.co/3cAVHpdrOM'),(79,'Probably get this haircut Thursday'),(80,'Need a haircut asap ?'),(81,'Haircut ??'),(82,'have to wait till Wednesday for my haircut :-('),(83,'waiting for @Blashbros\' haircut http://t.co/mG0wOdVIY6'),(84,'im such an ugly potato i need a haircut'),(85,'Haircut. ??'),(86,'#Sun8 Alternative Radio Playing Now Beck - Devils Haircut. Like: http://t.co/5kcxgDYGiv'),(87,'Finally getting a haircut tomorrow ?'),(88,'@spaceship1 http://t.co/daYmr65O7g'),(89,'Time for a haircut, love? @JohnBurnham02 ? http://t.co/VEhIcXRWkF'),(90,'Mendecees haircut was on FLEEK for the reunion show my barber is gone now I need a new one ?'),(91,'\"@lynbooker32: The official haircut of the 2015 NCAA men\'s basketball champions ? ? http://t.co/RvoMxnK2Ny\"\nYEAH Book....LOL!'),(92,'Man his pops did him wrong w/ that haircut lmaooo'),(93,'I need a haircut'),(94,'@woohyvnjpg aauuggh i just saw so many people say he looked bad with it and :(( BUT now im proud to say that i liked this haircut on him B)'),(95,'summer cut :)\n#haircut#summer#mohawk\n#triplets#green#AN1M0 https://t.co/iYqokrK4b0'),(96,'Watch everyone go get the Duke haircut'),(97,'“@utahdodger: Send haircut suggestions.”\nFlat top!'),(98,'I need a haircut, school textbooks &amp; a cover up tattoo. I wish my parents still payed for my shit ?'),(99,'@oliviairaheta my next haircut'),(100,'In need of a haircut now!'),(101,'Miss q na haircut nicolo\n#OhMyGSparkOfHope\nPhieby Love In Every Corner'),(102,'Haircut Day http://t.co/YkDGJnNEie'),(103,'Send haircut suggestions.'),(104,'Yo I need a haircut so bad'),(105,'To finish the night, I would like to quote my wife regarding Coach and Mrs. K: do they have the same haircut? Yes I think so...'),(106,'This is what an elated, few bucks richer, anorexic who needs a haircut celebration looks like. #duke… https://t.co/9xPNXZkYmv'),(107,'The official haircut of the 2015 NCAA men\'s basketball champions ? ? http://t.co/0Vgo3Lx4yU'),(108,'Everybody on Duke got the national \"young nigga\" haircut.'),(109,'@rockyR5 @rossR5 he needed a haircut ;D'),(110,'Haircut? http://t.co/Ljxjl1Svhp'),(111,'Ashley is so cute with her new haircut'),(112,'S/O to the team with the players with the same haircut'),(113,'I need a haircut badly ?'),(114,'Needa get a haircut for this wedding this coming weekend. Gotta look somewhat cute ??'),(115,'I keep missing my haircut coming home so late. ? And my leg still hurt. ?'),(116,'How can I have my haircut Aunt Eva went somewhere ?'),(117,'I need to schedule my haircut.'),(118,'@Wraned just my usual haircut but shaved the sides #1'),(119,'Coach k and his wife have the same haircut'),(120,'31 flavors, like Baskin Robins.\nMy new haircut, and my bangs I judo chop them.\n#RiffRaff'),(121,'Coach K and his wife got the same haircut...how cute lol'),(122,'Miss q na kita haircut ni nicolo @marlo_mortel\n #OhMyGSparkOfHope\nPhieby Love In Every Corner'),(123,'Coach K and his wife have the same haircut'),(124,'I\'m doing the pixie haircut on me can\'t wait?'),(125,'I MIGHT GET MY HAIRCUT LATER BUT I DONT KNOW WHAT HAIRSTYLE TO GET PLEASE HELP ME OUT'),(126,'New haircut.'),(127,'@__lsteph my new haircut that I got today??'),(128,'I\'ve got the Russell Wilson haircut'),(129,'need a haircut'),(130,'Before my haircut in atl by @kalyrale https://t.co/9PvjSZRvtB'),(131,'\"Bro got a sweet haircut. Wait. What? Out a bounds? Wacha sayin\". Musta missed it. My bad\" http://t.co/GN0C7IRj6F'),(132,'“@missPEPI_: 2006 then... He was 12!! Omggg so cute Fetus Jinyoung with bowl haircut. ??? http://t.co/Jh7sH0jN4E”@junyuur'),(133,'Gusto ko pagupit. Aline haircut ???'),(134,'Still can\'t get over his haircut. Sooo cuuuute ??? http://t.co/v81SrFt1hM'),(135,'Sierra got me guys, I\'ll get a haircut'),(136,'\"You look like Kurt Cobain with that haircut.\"'),(137,'Fabulous Layered Short Haircut for Thick Hair http://t.co/pteipJuact'),(138,'Como cuando me cortan el cabello... No cierto\n2015 Hollywood Haircut feat Ellie Goulding\'s 50 Shades of Grey Theme: https://t.co/3DF3xdCroQ'),(139,'@heszaplik literally all of them have had that haircut and they look so cute :('),(140,'@CortRhysWard @MitchRWCohen I would prefer you got a haircut but I don\'t tweet about it'),(141,'Haircut tommorow??'),(142,'Just Got a Haircut Last Week And Need Another One'),(143,'@Call_Me_Supa ? yeah with that stupid ass haircut'),(144,'Haircut ✂️'),(145,'Hooked up Lucky with a haircut and a bath ? #handsome'),(146,'@jayjay_49 not as funny as that haircut doe ???'),(147,'@GreatClips lol just kidding, got a great haircut a few days ago. 10/10'),(148,'@LilFred_Ceo and your haircut fd up roach looking ah nih'),(149,'I\'m getting a haircut on Saturday so I will look super ? at the concert?'),(150,'@RaeLynHamilton @JoeyT_11 he must\'ve gotten a haircut'),(151,'everyone always tells me I look older than I am, I think it\'s my haircut'),(152,'@isthismenswear and his new jarhead #fade that I had the most fun doing this morning! #hair #haircut… https://t.co/giNXzSFoai'),(153,'u need to get haircut like yesterday boii ????'),(154,'I\'m feeling this haircut http://t.co/2HOT3kwUva'),(155,'“@china_alexiss: \"@ea6y_mon3y: 4 players on the duke team have the same haircut ... ??\" &amp; all fine asf ??” ehh I wouldn\'t say allat lol'),(156,'I need a haircut but I ain\'t getting one'),(157,'New haircut ?✂️'),(158,'i think ive found a haircut fit for @arzE http://t.co/nLFPU25WcW'),(159,'Haircut. ??'),(160,'@Kentland_fredoo @yooojayy__ his haircut is the problem ?'),(161,'// this little fashionista with a Rihanna haircut loves school like her mama did / so I couldn\'t stop… https://t.co/amMjShvxJi'),(162,'@Silly_Willy18 great haircut!!!'),(163,'I got a haircut'),(164,'Absolutely  in love with this haircut by Junior and color by me!!! #salonjladner #jointhehairjourney http://t.co/fVSslBq3Ue'),(165,'New haircut. .... https://t.co/YnDVIYbuHj'),(166,'@FiveBennets Lol well depends cause you know he can\'t have croked teeth or a bad haircut, he needs to be a clean hot surfer'),(167,'Shoutout to @CodySIO for saying he liked my haircut,  and for being a @twentyonepilots fan, AND for putting on a kickass show'),(168,'new haircut mali pa paggupit zz'),(169,'getting a haircut later'),(170,'I\'m getting a haircut but I want to try a different hair style'),(171,'New haircut??? http://t.co/na8k6kuzTx'),(172,'Haircut. http://t.co/r7Trodc30T'),(173,'I don\'t mean that but that J Cole haircut thing true as shit ??'),(174,'Cut Bye @bestestbarber  #yourbarberconnect #barber #hot #haircut #barbershop #lit #fleek #barbering… https://t.co/HQfXUCNM4U'),(175,'Basketball gods let a team with the same haircut flourish.'),(176,'HOLY SHIT I WAS ALMOST THIS UNTIL I GOT MY HAIRCUT http://t.co/etAFZ2v0Ep'),(177,'A little precision haircut from today! http://t.co/vCZYMCFS1O'),(178,'All the black players on Duke got the black Twitter signature haircut'),(179,'\"@ea6y_mon3y: 4 players on the duke team have the same haircut ... ??\" &amp; all fine asf ??'),(180,'I can\'t wait till my dog gets a haircut the poor thing looks like a walking mop'),(181,'At http://t.co/65bxrPSyyn -- #starwars #hansolo #darthvader ✂️hair cut✂️ #chewbacca #barber #haircut #starwars #lucasfilms #movies #comic…'),(182,'I need 2 get a haircut tomorrow I feel like I been rough 2 long'),(183,'I need a damn haircut'),(184,'Maybe KU players need to get the j.cole haircut to be successful?'),(185,'Ol girl must be a fan of my haircut tho, ......................... #hmmm'),(186,'Major haircut coming, hearing Locks of Love is more corporate than charity. Who\'s the most deserving of donations? http://t.co/L8BpETVOnP'),(187,'this nigga waited till he turned 16 to finally get a damn haircut ?'),(188,'Fuck that Wisconsin asshole wearing that stupid ass Teletubbie costume, fuck that generic ass Duke \"We are diverse now\" haircut'),(189,'@JoshuaStuart6 ️dude, I really like you\'re haircut in you\'re avi..?'),(190,'@grritsmiren nice haircut?'),(191,'Cut Bye gesusthebarber #yourbarberconnect #barber #hot #haircut #barbershop #lit #fleek #barbering… https://t.co/g2UdtkX2kc'),(192,'@CrownOfHorns you were almost there until you got a haircut'),(193,'@jessicaisennock \"the one with the guy ish haircut\" http://t.co/zn5B8q1xzx'),(194,'Koujaku asked if he could give me a haircut, but I\'m not sure yet...'),(195,'Lol I promised him I wouldn\'t put him on snapchat without a haircut! I be looking out for yeti and Chris.'),(196,'last time I had a haircut was last year ?? I\'m not even sure tf'),(197,'“@BAI2017: Quinn cook look like J.Cole with a apple fritter haircut” not too much on bae doe ?'),(198,'@prockl2000 @Prock_San ????? just do it like right before you get your weekly haircut'),(199,'#shadified #Color #hair #colorcorrection #before #after #transformation #yeg #edmonton  #haircut #curls done by... http://t.co/NhmFFTuKJG'),(200,'#shadified #Color #hair #colorcorrection #before #after #transformation #yeg #edmonton  #haircut… https://t.co/HVINCqDPV2'),(201,'When bae gets a haircut ??'),(202,'Gotta get a haircut before wedsssssss'),(203,'@JoshSobo your haircut looks really nice josh'),(204,'Finally got my haircut no more split ends?'),(205,'Haircut and foot spa with mother  ??'),(206,'While on YouTube I searched for Kodaline videos, and I saw All I want - Kodaline live. Last I checked, Mark didn\'t have a bob haircut #cover'),(207,'\"We get shit for having the same haircut, but we don\'t really don\'t\"\nthey totally did though omg'),(208,'Cut Bye @ogsnorlax #yourbarberconnect #barber #hot #haircut #barbershop #lit #fleek #barbering #wahl… https://t.co/RMr71v7wQc'),(209,'Got a haircut tomorrow ?'),(210,'getting a haircut finally!!! im dying from this heat'),(211,'Time to get your much needed haircut, summer cut, ellya___cruz. ?✌️ https://t.co/eJShrhJRZn'),(212,'Haircut flex in my snepchet. ?\nMommy done well with them scissors.'),(213,'When people compliment your haircut (:'),(214,'Desperate for a haircut'),(215,'@oliviamillerr_ dat haircut lookin sharp doe'),(216,'Oh ya guys I got a haircut'),(217,'i need a haircut &amp; a new color'),(218,'I need a fucking haircut'),(219,'The haircut factor'),(220,'Deron gon be the next nigga with that haircut lol'),(221,'\"How can we immediately indicate that it\'s the 70\'s now?\" \"Roger\'s haircut and \'stache?\" \"Nailed it.\"'),(222,'All of Dukes starters and J Cole have the same haircut'),(223,'I\'m getting a haircut tomorrow and I\'m so excited to get a cute summer cut and not look like a complete mess all the time.'),(224,'@Vince_nawin what\'s a haircut'),(225,'Just got a horrid haircut but when you mess it up it looks better http://t.co/ACV4vOlLlX'),(226,'\"@ADthaGod800: Why every nigga on Duke got the same damn haircut ??\" ???'),(227,'Duke won because everyone on the team has the same haircut... They play as one lol'),(228,'Pixie Haircut for Summer: Women Hairstyles http://t.co/OgKXLVMZWr'),(229,'@GageGaytan YOU GOT A HAIRCUT?'),(230,'@nafsimons get a haircut'),(231,'Told Jeremy I\'m getting a light skin haircut ??'),(232,'@drewreaganprice forever the same haircut'),(233,'Cut Bye yandy_blendz #yourbarberconnect #barber #hot #haircut #barbershop #lit #fleek #barbering… https://t.co/P7b5zBczwk'),(234,'@RaeEnglish_ Haircut ??'),(235,'\"I\'m liking the new haircut\"'),(236,'“@semantisengupta: @AkvariousProdns @dasnamit @kunalkemmu Wonderful Haircut short film...definitely happens to common man!!!” @anandntiwari'),(237,'@Dannyalejandre7 fuck yo haircut'),(238,'This haircut is doing me good'),(239,'I just got my haircut last month and the length is still bothering me a bit'),(240,'#shadified #hair #Color #blonde #copper #highlights #haircut #yeg #edmonton #salon done by @raifeissawi http://t.co/L7mVdMIuTq'),(241,'i think i\'m gonna get a haircut tomorrow and then a tape on Thursday again. i just feel so ugly. ?'),(242,'#shadified #hair #Color #blonde #copper #highlights #haircut #yeg #edmonton #salon done by raifeissawi https://t.co/MuSGfOlcIS'),(243,'Y I ain\'t get a haircut yet???'),(244,'in dire need of haircut suggestions'),(245,'if I don\'t get my haircut tomorrow me &amp; John Walker going 30 with his midget ass.'),(246,'Why can\'t he just go back to this haircut https://t.co/RowuNwP2fp'),(247,'My new haircut is gonna be ?? The real Meeks hasn\'t come out to play in awhile ?????'),(248,'In need of a haircut real quick?'),(249,'my friends said they like my haircut :-)'),(250,'i need my haircut again ugh'),(251,'Hey #Duke, Marlon Wayans called. He wants his haircut back. #NCAAChampionship'),(252,'need to get a haircut after work tomorrow, this mop on my head needs to go'),(253,'Thought since I stayed home sick today I would try to do a couple things around here but all I did was sleep &amp; give my dog a haircut...'),(254,'@mullyhanley pumpkin pie haircut...but I\'m just jealous.'),(255,'Cut Bye gerrybarber #yourbarberconnect #barber #hot #haircut #barbershop #lit #fleek #barbering #wahl… https://t.co/MP5FTTbGMJ'),(256,'Come see my new haircut on Wednesday! Also, comedians! https://t.co/5x4hbI61C9 #StandUpComedy #brooklyn #butts http://t.co/LyctA3bV1l'),(257,'Okay. Now it\'s time to get an actual haircut'),(258,'@LHBloodline how? By saving his haircut money to buy more copies?'),(259,'@SportsCenter however, he also needs a better haircut'),(260,'@sorryimabbyyy remember when we\'d watch those interviews with andy from bvb ohmygOD AND FALLING IN REVERSE IM CRYING SO HARD AND MY HAIRCUT'),(261,'@CarterA_13 @sembo14 #Haircut'),(262,'Today first new haircut here in home we have a hell so hot this weather :-( https://t.co/DF0BrmvrRx'),(263,'Y all the black players on Duke got the same haircut'),(264,'And, I need a haircut.'),(265,'Quinn cook look like J.Cole with a apple fritter haircut'),(266,'ショートカットが好きな人のための画像bot (a photo tweetbot for the short haircut lovers.) http://t.co/jpe0T0W7KE'),(267,'I need a haircut =/'),(268,'@LJSP_Writes @Rillymeen yeah its totally the haircut. Cole just started rocking that look with this new album.'),(269,'Does anyone have a pic of the meme of guy pointing at someone bc they get him and he\'s wearing a blue shirt and has old JB haircut?'),(270,'Not getting my haircut till like Wednesday'),(271,'I need a haircut'),(272,'Worst thing about being teletubby Wisconsin fan is after the costume comes off, he\'s still got a terrible haircut. http://t.co/Ui73a2u1Jn'),(273,'Cut Bye edwardklipperhands #yourbarberconnect #barber #hot #haircut #barbershop #lit #fleek… https://t.co/dtXvZBDvUL'),(274,'So all the Black Duke players have the same haircut. Taper fade.@putemupcdukes'),(275,'u need a haircut desperately'),(276,'I need a haircut ?✂️'),(277,'They all have the same haircut?'),(278,'when you look up \"dolphin with a bowl haircut\" on google image, the very first picture is of Taylor Lautner?'),(279,'Trying to decide what kind of haircut I want is like trying to decide which wire to cut on a time bomb.'),(280,'today a guy at work told me I look like someone who knows how to cut people\'s hair so ??? hit me up for a haircut'),(281,'New Haircut @menshairtrends #newhaircut http://t.co/UuuUynfklR'),(282,'I hope all them niggas get a haircut over the summer. I better not see a staring 5 with the same haircut ever again.'),(283,'@Rillymeen @NJAEclectic People tell him that all the time and HE HATES IT! I really think a lot of it has to do with the haircut lol'),(284,'I\'m in dire need of a haircut.'),(285,'New haircut brush up ❤️'),(286,'need a haircut soon :/'),(287,'Slowly improving hmu $5, model luis_angel69xp #getcut #haircut #wasgood #straightrookie ✂️ *snip* *snip* https://t.co/5RPb6ZscBm'),(288,'Winslow look like the boogieman from don\'t look under the bed with that haircut'),(289,'@OwEnMaC9 whats wrong with getting your haircut at supercuts :('),(290,'Its cause they all got the same type of haircut haha'),(291,'Lmao I\'m getting a professional haircut tomorrow http://t.co/OnZW0HT2uH'),(292,'Do girls need to look girly? NO.\nIs short hair a man\'s haircut? NO.'),(293,'Duke\'s win means a lot to me. @RandomKidCody will finally get a haircut and now I won\'t have to live with a depressed boyfriend. HOORAY!'),(294,'when i get a haircut i look in the mirror and tell myself... \"damn chris, you a cute ass nigga\"... and myself says \"i know\"'),(295,'@EvanDRoberts @ImThatDudeWho @zekNcashe \"these j. cole haircut having niggas\" IM CRYING ??'),(296,'@chubbycox18 that\'s the black male thot haircut according to IG &amp; twitter'),(297,'I SWEAR THE STARTIN 5 FOR DUKE ALL HAVE THE SAME HAIRCUT???'),(298,'My haircut is rad'),(299,'That asshole haircut.'),(300,'so al it takes to win a title is for your starting 5 to all have the same haircut. #DaddyIssues ???'),(301,'That Atlanta dude haircut ?'),(302,'Finalllyyyy getting a haircut tomorrow?'),(303,'Why every nigga on Duke got the same damn haircut ??'),(304,'☆誰にでもわかる子供のヘアカット・ヘアケアの本。\n♪(＾◇＾)♪\nhttp://t.co/L8RVGqC00o'),(305,'All the Duke players have the same haircut......'),(306,'The Jimmy Butler haircut crew pulled it off'),(307,'she got a haircut http://t.co/1teVqSrZNd'),(308,'@based_zetsuko @Bolt_The_Prince @le_squeaky63 @64PaIms bitch you ugly you stank you fat fucking whale ass bitch your haircut looks fruity'),(309,'They hold hands while they get their haircut together.  https://t.co/vRYRvPcHDG'),(310,'Another Week Then I Try this New Haircut'),(311,'mood: guinea pig getting haircut'),(312,'Post haircut. Growing beard for playoffs, interview tomorrow says otherwise. #sadday #nobeardforyou… https://t.co/ydpkd0PB7j'),(313,'i need a haircut http://t.co/tbnuIZown6'),(314,'All those boys got the same exact haircut'),(315,'@GregJohnson55 the entire Duke team has the same haircut and it bothers me. #LeaveTheFadedFroToKendrickLamarPlease'),(316,'I need a haircut'),(317,'Every duke player has the same haircut'),(318,'Honestly the worst thing about Duke is almost all of them have the exact same haircut'),(319,'Tyus needs a haircut and some help with the eyebrows.'),(320,'Grayson Allen even has the same haircut as me ?'),(321,'I need a haircut and I just got one Friday...'),(322,'Artificial intelligence ;)\n#hairextensions #hairloss #hair #plait #hairstyles #HairCut http://t.co/HiAjXY8u8x'),(323,'\"@zekNcashe: man fuck duke and these j.cole haircut having niggas.\" @NikeboxesStew'),(324,'No haircut swag'),(325,'La mejor de todas; haircut?? https://t.co/oHIUAwuzi7'),(326,'Bcos of my new haircut, I\'ve been getting a variety of comments from people. Take note, its all weird.'),(327,'Lmao \"@zekNcashe: man fuck duke and these j.cole haircut having niggas.\"'),(328,'I need a haircut'),(329,'I got a mullet haircut????'),(330,'Dukes best three players have the same haircut.'),(331,'Got a haircut which means sometime from today thru Friday I will be dropping at least one bomb selfie alright bye'),(332,'I had Wisconsin in a $75 parlay but all the Duke kids had the same haircut as me as in they didn\'t give a fuck about a haircut so... ????✂️'),(333,'Quinn Cook is J-Cole w a Weeknd haircut'),(334,'New Haircut ????? http://t.co/mkxiK5IUve'),(335,'Those hats are so damn deep yo!!! They even deeper for covering that awful team haircut'),(336,'@SportsCenter duke also wins the buckwheat look alike contest. They bringin back that slave haircut'),(337,'That nigga got that 1950\'s haircut slicked to the side'),(338,'@zoupo12 this kindness is why u without a haircut is my mcm ^_^❤️❤️❤️❤️???❤️❤️❤️????❤️❤️❤️?❤️❤️'),(339,'@AkvariousProdns @dasnamit @kunalkemmu Wonderful Haircut short film...definitely happens to common man!!!'),(340,'@hoIland1945 omg............no they\'re still in my dorm also he\'s gonna give himself a haircut soon i will after that for sure. i must'),(341,'I really need a haircut'),(342,'@AmeenZayed12 You didn\'t come to a game you have no idea what I did last year but I know you got a fucked up haircut'),(343,'I told yall I\'m taking credit for the duke win cause they only lost 1 game after I got the same haircut ass the players'),(344,'Haircut tomorrow finally! ?'),(345,'Like how iStill ain\'t got a haircut. This shit is depressing'),(346,'A good haircut accentuates all your best features. In this instance, my sunburned nose. http://t.co/JO0GM9r8ol'),(347,'y they all got the same haircut? #gay'),(348,'Square high full attain along with genteel sine haircut inverter: wKOj http://t.co/NAJ5X2HuRi'),(349,'#NewStyle Needed a change &amp; haircut won #DysautonomiaStrong #backchannel #earlyrisers #DysautonomiaSC http://t.co/BOBmbi7t19'),(350,'Jesus jst said I have the male thot haircut ?????'),(351,'I still wanna know why the Duke starting five all have the same style haircut'),(352,'Me ha gustado un vídeo de @YouTube de @thesalonguy (http://t.co/nxQRzM15Vr - Men\'s Haircut Tutorial - Male Model Haircut -'),(353,'I need a haircut ?'),(354,'Tim got a new kind of haircut and he looks like Adam Levine aka Adam Le(mine) ?????'),(355,'What is this new haircut everyone has? Blow-out?'),(356,'If Duke\'s title run teaches us anything, it\'s that having a uniform haircut gets it done.\n\nJk Duke is Duke\n\n#finalfourchampionship'),(357,'Me ha gustado un vídeo de @YouTube de @thesalonguy (http://t.co/oBxLYCN3fE - Men\'s Haircut Tutorial - Tyler Rix - TheSalonGuy).'),(358,'I need a haircut'),(359,'@ChereeCarter12 @Tucson_Cowgirl @evapoodlelove docked tail and a short haircut,not the regular poodle cut.He goes 6 wks between cuts.'),(360,'Shout out to Duke for winning my money and getting me a free haircut next weekend'),(361,'“@JumpManZ: There must be powers in that nappy haircut” gotta be'),(362,'“@zekNcashe: man fuck duke and these j.cole haircut having niggas.” I\'m so weak ?????'),(363,'@jppalmCBS Haircut reminds me of Mo Howard #3Stooges'),(364,'Just happy I have a haircut ❤️'),(365,'I\'m actually excited about this haircut.Cutting my hair was taboo.But randomly I felt the urge to do something new! God about to do some lol'),(366,'@CarPanthersNews @Duke_MBB to hell with them mushroom haircut having punk bitches.  Winslow can fuk himself, cheating asshole'),(367,'Might go get me a haircut wit yall money.. Juss for da fuk of it.. Lol ..'),(368,'I aspire to one day get a haircut that\'s expensive to maintain.'),(369,'they kinda do all have the same haircut. lmao'),(370,'Ok I\'m settling for this haircut http://t.co/qKBLeActbg'),(371,'I need to get another haircut.'),(372,'School on my only day off ?. I know it\'s only for a haircut but stilllllllll'),(373,'Now that he\'s not focused on basketball, Kaminsky might be able to shave and get a haircut. Maybe even take a shower!'),(374,'they may have won a national championship but they all still got that gay nappy haircut.'),(375,'they all have the same haircut'),(376,'I love duke but why do they all have the acorn haircut'),(377,'Seeing Alex haircut gives me life to cut my shit'),(378,'I need a haircut but I\'m broke asf!!!?'),(379,'There must be powers in that nappy haircut'),(380,'I am joked all these niggas have the same haircut'),(381,'What is up with the blowout haircut that everyone has these days?'),(382,'Count how many Blue Devils have the same haircut tho'),(383,'Can\'t wait to hit up Fairmont tomorrow to get a fresh ass haircut ?'),(384,'I need a haircut so bad'),(385,'Good workout at the gym and a free haircut because I\'m British! Decent day ??'),(386,'dang, Jericho asking the tough questions like \"what about that haircut\" and \"tell me about hard work.\"'),(387,'during the making of this movie, i decided to get a haircut.\nhttp://t.co/4YhaG9VYju'),(388,'WHY EVERYBODY ON #DUKE\'S B-BALL TEAM GOT A HAIRCUT LIKE #YUNG!!!!!!!!!!!! @_ack_ THEY BITIN\'… https://t.co/f9rDHCWq6Y'),(389,'Lost to bunch of chicago haircut type kids'),(390,'the j cole haircut really flourishing in 2015. he has a platinum album. duke whole team got the cut and they just won the natty. it\'s lit.'),(391,'I dont hate Duke, just this Duke team.. like Im truly salty they all got the fuckboy haircut.. and that white boy look like a serial killer'),(392,'I need a haircut so bad but only have $1.37 to my name; the struggle. ?'),(393,'I need another haircut'),(394,'\"@zekNcashe: man fuck duke and these j.cole haircut having niggas.\" ???'),(395,'Do you guys think i can pull of @Bharper3407 haircut? Hair is absolutely insane and i want it'),(396,'How come everyone on duke has the same haircut?'),(397,'ALLSTAR BARBER AND BEAUTY RADIO HAIRCUT OF THE DAY l0u_da_barber \nMake sure you check out his work https://t.co/ShgCtvMek2'),(398,'“@zekNcashe: man fuck duke and these j.cole haircut having niggas.”??'),(399,'Time for a haircut, I\'m starting to look ugly again'),(400,'Been a great day?? #haircut #freshashell #newshirt #feelinggood #happy #lesbian #gay #stud https://t.co/PDcm0mAIne'),(401,'My question is why do all the duke players have the same gay haircut ?'),(402,'What\'s the longest you\'ve gone without a haircut? — A year or two http://t.co/3uwwxX32F4'),(403,'So when are you gonna come in for that haircut? ??'),(404,'At least everyone on Duke has a different haircut'),(405,'@JHart7 it\'s the North Carolina nigga Super sayain haircut inspired by j.cole lol'),(406,'Duke\'s whole team got the same haircut'),(407,'@stick2gether_ why the hat?? is my typical I.E boy haircut a no?? :-('),(408,'when my dog get a haircut, she becomes a little worm http://t.co/ku5QHJMrUL'),(409,'Vincent haircut is ? #TheOriginals'),(410,'Maybe now dukes players will get a haircut that doesn\'t look completely stupid.'),(411,'My mom was trying to tell me how gay my haircut is...'),(412,'they literally all had the same haircut lmao'),(413,'So now the one haircut team won can we get a barber in the locker room?'),(414,'Now that March Madness is officially over, can someone please tell me who started the haircut boycott?'),(415,'I be ugly asf without my haircut nshit ??'),(416,'I need a haircut, goodnight. http://t.co/Aav6sHOteV'),(417,'Every guy on Duke has the same haircut as a chia pet.'),(418,'Dang I need a haircut... to bad I work and I don\'t know if I\'ll have enough time unless I wait till weekend ?'),(419,'“@JHart7: Why all the duke players got that same haircut tho” They want that J. Cole look.'),(420,'@boomtaboyce @angelkacastillo @Alexsssiss yuck hahahah haircut, dread lock? ?'),(421,'Mums bitching about haircut'),(422,'Fabulous Layered Short Haircut for Thick Hair http://t.co/aK4DshvhCz'),(423,'Yo #New\nHaircut just yesterday. https://t.co/iAQIRhMUtF'),(424,'Salt Disney “@zekNcashe: man fuck duke and these j.cole haircut having niggas.”'),(425,'In the end, the entire team had the same pube-head haircut, so fuck them'),(426,'half of their players have the same haircut and they look scary'),(427,'Bare mans on duke have the insta famous haircut?'),(428,'I actually really like my haircut'),(429,'Haircut,  pay for ticket then beach ☺'),(430,'I\'m just more upset that everybody on Duke has the same haircut'),(431,'i want a haircut but my parents will get mad at me if i don\'t cut off at least like 4 inches so sike'),(432,'Needing a haircut like ???'),(433,'But seriously, everyone on Duke has the same haircut'),(434,'Just a little off the top!!!! #kids #guything #dadoftheyear #daddy #haircut #cute https://t.co/QasJtuuhn2'),(435,'I still say the entire duke starting five needs a haircut'),(436,'Everybody on Duke got a dirty ass mop top haircut ?'),(437,'Fuck them niggas haircut'),(438,'@RiderMach @AceofSpades04 ((Tho honestly my favorite part of Magi v Deka was probably Swan’s cute haircut))'),(439,'Yea I need a haircut http://t.co/Lp16gRAQjL'),(440,'Nice win! Is the @Chief_Justise @Tyusjones06 @quinncooke haircut gonna be a thing now? #NCAAChampionship'),(441,'I HATE it lol \"@incrdblshort: This is the inspiration behind a lot of these niggas haircut http://t.co/NQM0GUzELj\"'),(442,'My favorite thing is that everyone on Dukes team has the J.Cole haircut'),(443,'finally got a fucking haircut ?'),(444,'I\'m sorry but I can\'t be happy for a team of players with the same haircut.'),(445,'Duke gay anyway. all the black dudes got the same gay ass haircut.'),(446,'All these young asses these days rockin that J. Cole haircut ?'),(447,'\"@zekNcashe: man fuck duke and these j.cole haircut having niggas.\"'),(448,'How have we as a nation allowed that Mark Harmon haircut to go on this long???'),(449,'Lol at least our team knows how to get a decent haircut'),(450,'Also, http://t.co/arh4Si4lZ0 K has the same haircut as him.'),(451,'Totes cool Coach K and his wife have the same haircut http://t.co/dAfZjEzI5D'),(452,'He just got a haircut lmao https://t.co/qDEIqXCWLu'),(453,'How Wisconsin let a team fulla childish haircut niggas win brah?'),(454,'@RandomKidCody @TheSarahBert Haircut tomorrow?'),(455,'Dukes whole team have the same haircut ??'),(456,'FUCK SAM DEKKER AND HIS NEO NAZI HAIRCUT'),(457,'\"@BasedChasen: Them duke niggas got the same haircut them niggas look like clones\" I been saying that too bruh'),(458,'“@PrettyTony9: @ItsBriBabee no waves over here lol but a haircut yeah” I promise u the only male I know with a haircut! ???'),(459,'Every black dude on Duke has the exact same haircut lol'),(460,'All the duke starters got the \"Thot haircut\" except Matt Jones'),(461,'I\'m so in love with my haircut'),(462,'@soapwikijohn the boy haircut?'),(463,'Pretty sure everyone on Duke\'s basketball team has the same haircut'),(464,'Coach K and his wife have the same haircut'),(465,'hey duke, your team all has the same haircut'),(466,'\"man fuck duke and these j.cole haircut having niggas.\" Hahahhahaahah'),(467,'Professionals in creative design #haircut http://t.co/m1EWvI7F9O'),(468,'didnt realize I hate Duke this year til halftime.. I hate every one of their faces and the fuck boy haircut they all rockin.. good game tho'),(469,'Dekkker goes 0-6 from deep? Good. Go get another SS haircut up north'),(470,'Gotta love how all these dook players have the same haircut ?'),(471,'\"@zekNcashe: man fuck duke and these j.cole haircut having niggas.\" ? ? ?'),(472,'Everybody on Duke got the same haircut'),(473,'Duke shows, if the whole team has the same haircut. You can win'),(474,'They all got the same haircut'),(475,'New haircut, new narc ??'),(476,'Frank The Tank is still a monster! But the  Duke haircut was too much lol.'),(477,'All the duke players huggin and they all got the same haircut ??'),(478,'@lNTESTlNE omg she has a scene haircut girl watchudoin'),(479,'I drove all the way to tj to get a haircut. ?'),(480,'Why the whole team got the same exact haircut'),(481,'They all got the same haircut ?'),(482,'That team haircut must have been good luck'),(483,'Long overdue haircut (@ a+b Hair Studio in Klang, Selangor) https://t.co/zN62PQVwj0'),(484,'All the blacks on duke got the same haircut...'),(485,'Duke players will be upset at themselves looking back at this season. Knowing at any point they could have gotten their haircut and didn\'t.'),(486,'Five different NCAA titles for Coach K, same bad haircut.'),(487,'Maybe now everyone on Duke has time for a haircut now that the tournament is over'),(488,'Duke won cause they all got the same haircut. Its all about team unity..'),(489,'Me - It\'s sexy when a boy cry \nMaj - Especially with that haircut \n????????'),(490,'I desperately need a haircut.'),(491,'Lol everyone on Duke has the same haircut'),(492,'everyone in the state of wisconsin is pissed right now besides me, because idgaf. but people making fun of my haircut. :/'),(493,'coach k and his wife have the same haircut how cute'),(494,'95% of college basketball players have the same nappy fro haircut.'),(495,'The power of the J Cole haircut!!!! #Duke'),(496,'Why all the duke players got that same haircut tho'),(497,'well so does every light skin nigga with that haircut'),(498,'@ItsBriBabee no waves over here lol but a haircut yeah'),(499,'I can\'t believe the hoe ass niggas that all have the same haircut won. Smh'),(500,'Half of this duke team has the same exact haircut'),(501,'Whatever man... I\'m still getting the haircut.'),(502,'My avi would of been cute if I got a haircut?'),(503,'Who just saw Coach K and his wife have the same haircut??'),(504,'@DragonflyJonez that haircut you made fun of on here is prospering on one team ?DOOK'),(505,'Coach K and his wife have the same haircut'),(506,'All of Duke has that stupid ugly fade haircut'),(507,'haircut still wack tho lmao someone give these dudes a clean cut man'),(508,'Coach K and his wife have the same haircut ?'),(509,'why all these guys got the same haircut tho'),(510,'Every black player on Duke got that August Alsina haircut.'),(511,'They all got that J. Cole haircut'),(512,'I have the same haircut as like 4 of the Duke players do I went with them. My bracket died long ago anyway.'),(513,'Yall realize all the niggas on Duke got the same haircut lol'),(514,'Coach K and his wife have the same haircut'),(515,'I’m really over this haircut.'),(516,'@steviecoolest 77. Twitter 76. Warm weather 75. Comfy sweaters 74. Fixing things 73. I like my haircut 72. I do my own haircuts 71. Cheese'),(517,'Coach K and his Wife have the same exact haircut'),(518,'Quinn Cook haircut tight asf.'),(519,'Yo fuck these J.cole haircut having duke niggas'),(520,'All the duke players have the same haircut?'),(521,'If I see one more nigga with that haircut I\'m going to throw up'),(522,'Every guy on Duke has the classic fuckboy haircut'),(523,'All duke got the same haircut lol'),(524,'Time for a haircut... #ThanksTyus'),(525,'This is the inspiration behind a lot of these niggas haircut http://t.co/wGWquswyhM'),(526,'tenemos el mismo haircut ya somos soulmates'),(527,'Duke nation bout to get that tyus jones haircut out of respect #squuuaaddddd'),(528,'Duke with the win ? easy $20, I\'m going to go get a haircut tomorrow now??'),(529,'I need a haircut first'),(530,'I guess the getting the same haircut team bonding experiment paid off in the long run #Duuuuukeeee'),(531,'justin needs a haircut justin needs a haircut justin needs a haircut justin needs a haircut justin needs a haircut justinneedsahaircut'),(532,'Wisconsin lost because of that dude\'s faux hawk. #Haircut #GoDuke'),(533,'my bf is about to get the fuck boy haircut..what have I done!? ?'),(534,'I\'ve never taken my brother to get a haircut before and he\'s so adorable the way he tells her how he wants it lol'),(535,'I managed to make the perfect French braid today since I got that haircut yay'),(536,'When you get your first haircut https://t.co/IkoHLnZvrS'),(537,'4/5 Duke starters have the exact same haircut. ? #NoHateTho'),(538,'Don\'t fucking judge me if you can\'t even pick out your own clothes and get a haircut?'),(539,'I really hate how most of the duke basketball team has the same haircut.'),(540,'WHY EVERY DUKE PLAYER GOT THE OFFSET FROM MIGOS HAIRCUT THO??'),(541,'@DragonflyJonez the fuck boy haircut niggas won....'),(542,'Fuck duke\nAll them niggas got the same haircut'),(543,'so noah gave ammiel a haircut in front of obie\'s in the new buildings after practice hahahaah @_ricefields_tru http://t.co/xE7q2mpNsk'),(544,'I can\'t wait to get my haircut tomorrow. ?'),(545,'#Manhattan #Free Free women\'s haircut (Flatiron)  http://t.co/lGteFk4T3N'),(546,'All these white dudes getting the same haircut like why'),(547,'If I walked into the barber shop for a haircut like Winslow\'s... I be like - Gimme that bloomin onion.'),(548,'gonna get a haircut.'),(549,'Must\'ve been a Hitler in a past life to deserve \"oh you\'ve had a haircut\" from my coworkers every three weeks forever until I\'m a dead body.'),(550,'@Craftzy he should have started with 2 fouls for that Pauly D haircut.'),(551,'Tristan\'s haircut ?'),(552,'WHEN PEOPLE TELL ME I NEED A HAIRCUT ?'),(553,'Is it just me or does half of Dukes\' team have the same haircut?'),(554,'Duke\'s secret: all starters have the same haircut'),(555,'THERE GOES MY HAIRCUT MONEY'),(556,'Everybody on Duke got the Pookie from New Jack haircut'),(557,'My new haircut make me look older'),(558,'Can\'t wait to get my haircut tomorrow!'),(559,'Dat haircut doe #thanksmum https://t.co/IBKZzIyYqp'),(560,'every black person has the same haircut now a days'),(561,'@Mariners he needs a haircut...'),(562,'get a haircut frank!'),(563,'@aishajoseph_ throwback to his dope haircut http://t.co/oRdR1BOUEu'),(564,'I feel so good right now after my haircut ?'),(565,'I just got done getting a haircut\nmy long hair is GONE ?'),(566,'@K_Rich12 @2Blanezz hey I had that haircut'),(567,'everyone on duke has the exact same haircut'),(568,'#diy #haircut with clippers because I\'m a #broke ass #college kid (view 2 of 2) https://t.co/B6brlVNwdU'),(569,'It\'s cute that all the #Duke players have same haircut'),(570,'The haircut http://t.co/I5JAaekXL2'),(571,'I never liked when people have huge bald spots in the back of their head, like how do you tell your barber you want that kind of haircut'),(572,'Hopefully I can get a haircut tomorrow'),(573,'All of the duke players have the same haircut'),(574,'Lmao ew there\'s a heap of hair in my bag that had fallen in when I got my haircut last week'),(575,'i love niall\'s latest haircut'),(576,'You would think to atleast get a decent haircut before you go play infront of millions?¿'),(577,'need a haircut in my life'),(578,'Haircut by me.?? http://t.co/BARgO416HR'),(579,'Me looking at old pictures: \"Why?\"\n\nMe looking at old haircut: \"Why?\"  \n\nMe looking at old clothes: \"Why?\"\n\nMe looking at old crush: \"Why?\"'),(580,'Really waiting on this haircut badly'),(581,'Smfh... Why did Maluma go back to his bald haircut! ???'),(582,'Why do all the duke players have the same haircut. Y\'all look like grown homeless buckwheat #NCAAChampionship'),(583,'Everyone on duke has the same haircut'),(584,'why they all got the same haircut? ?'),(585,'Haircut??'),(586,'@BryantVieyra i man crush you and all you gotta say is \"i need a haircut\" okaaaaaay'),(587,'Long overdue haircut!! http://t.co/vLkq1ldMkz'),(588,'Number 2\'s haircut on Duke makes him look like a used Q-tip'),(589,'Jordan and the whole Duke team have the same haircut'),(590,'Everyone on this Duke team needs a haircut'),(591,'Need a haircut so bad'),(592,'me and everybody on duke got the same haircut'),(593,'HAIRCUT\nthe lady making my sub at subway called me sir http://t.co/C0SwV7x0SC'),(594,'after Duke gets this W they need to get a team haircut lawd'),(595,'Haircut day with ma bruh ?'),(596,'This haircut makes me look like Jesus no?'),(597,'I need a haircut'),(598,'u know when boys need to get a haircut &amp; their hair is kinda long n messy? this isnt going anywhere just wanted to remind u of how hot it is'),(599,'Why do all duke players have that ugly ass haircut?'),(600,'I feel like everyone has the same haircut haha'),(601,'What\'s with this cheese-ass #Duke #haircut?'),(602,'Debating if i wanna get a haircut this week or next'),(603,'I need a haircut ?'),(604,'You can tell Duke have a team barber.. Everybody got the same haircut lol'),(605,'@iwillDEVouryou his haircut is A L W A Y S crisp. I\'m salty af'),(606,'haircut hopefully tomorrow?'),(607,'Not digging Duke\'s \'Sideshow Bob\' team haircut.'),(608,'Ready at voniz : kent comb , stainless comb skull &amp; anchor #barbershop #barberindo #Haircut #comb… https://t.co/xGDDfkMvKf'),(609,'Every Duke player has the same haircut. I\'m into it'),(610,'I Just Lost Some Haircut Money ?'),(611,'I need a haircut...'),(612,'I love Byrd haircut on her ??'),(613,'Rocking the same haircut I got now, when I was a little kid... missing these days, when life was simple http://t.co/WRmpqRWD6Z'),(614,'@twizzle1993 @TNACreative @Mugsysam You mean hearing about his first haircut wasn\'t enough for you? #LiveJericho is total trash!'),(615,'my haircut is tomorrow and i still have no clue what I want to do'),(616,'haircut tomorrow ??'),(617,'they all got that thot haircut???'),(618,'@KJohnIII @Kanemlindsay stupid haircut'),(619,'Best part of tomorrow will be the haircut part'),(620,'I need a haircut so bad'),(621,'Need me a haircut so bad'),(622,'I got a haircut for the first time in years. This was it curled for Easter ?? http://t.co/RlOQJj00f0'),(623,'Haircut✂ (at Barbershop Pelangi) — https://t.co/DydMimc7bn'),(624,'Time for a haircut ???'),(625,'Finally got a haircut. Thanks jessicaa_bright for hookin it up freshly. Finally got my barber back!!… https://t.co/w0rpBSmWFf'),(626,'#diy #haircut with clippers because I\'m a #broke ass #college kid (view 1 of 2) https://t.co/9rrb1HdaSd'),(627,'\"@NoRacks4URats: I swear every young hoop nigga in America got the same haircut ????\" on me lmao'),(628,'@FaZeBloo Your haircut reminds me of the kid in LargePea\'s avi'),(629,'\"@gx_xvl: All them niggas on Duke got the same haircut ?\"'),(630,'I\'m pretty sure this was last week ... Time hop must be drunk! Malu\'s first haircut with Dad and… https://t.co/ZO9TUaP5jT'),(631,'I\'m even going to get a haircut like all the black players on Duke, this is a holy day.'),(632,'Phew, that feels better - got haircut (only 2wks late). He was asking me about Twitter n was amazed I have 400 followers #complimentornot?'),(633,'Every black dude in NCAA basketball got the same damn haircut'),(634,'the most immaculate haircut'),(635,'All them niggas on Duke got the same haircut ?'),(636,'Just saw a commercial for Tidal. Guess they felt Jack White with a spiffy haircut was enough to represent rock.\nNo thanks...'),(637,'yo how all the duke black players got the same haircut? that haircut so damn wack man lol'),(638,'I hate when someone says they got a haircut but you know that they got a trim instead. Like da faq cuh'),(639,'Haircut ✂️ http://t.co/6TERfJe2GJ'),(640,'Yeeeee a haircut, I get to cook dinner and I found out the gender of my baby. #TodayWasAGoodDay ? #blessed'),(641,'Them duke niggas got the same haircut them niggas look like clones'),(642,'Cucumbers, A haircut, &amp; Sleep is needed? lol.., yikeesss!! ONE LOVE. #MEAmanagement #NoneStop… https://t.co/dnCWq6VBTM'),(643,'That boy Winslow look like a Super Saiyan with this haircut ???'),(644,'@shamith39 That haircut tho\'!'),(645,'@cheesyG00DNESS @EcijanJustin they all have the same haircut except Allen ?'),(646,'Need a haircut big time'),(647,'I swear every young hoop nigga in America got the same haircut ????'),(648,'Damn my haircut is short, I haven\'t had hair this short since 3rd grade'),(649,'Smh yall i got my haircut like 3 or 4 weeks ago'),(650,'why does Q.Cook got that Atlanta ass haircut'),(651,'Melos first haircut?? he hated it and now looks like a rat http://t.co/00v3KWuhBx'),(652,'I\'ll go out tomorrow.\nHaircut. Buy pasalubong for Ate Akiee ^^'),(653,'Everyone on duke has the same haircut'),(654,'Everyone in Dukes Starting lineup had the same haircut ??'),(655,'I\'ve never seen a whole basketball team who needed a haircut.'),(656,'It\'s killing me looking at these niggas w that haircut in this game. KILLING me'),(657,'SO over this haircut. Cut that mess off.'),(658,'If you have a bad haircut I think you\'re practically guaranteed to win the big one.  @WWE #LiveJericho'),(659,'Haircut or no? need help deciding.'),(660,'Magpa haircut again'),(661,'“@NavaPriscilla: Can that haircut look this good on me http://t.co/0XF65JDKtz”HECK YESS OMG ??'),(662,'I could be a barber the way these kids are getting their haircut these days'),(663,'@GirlDatsBucci hell yeah if duke lose I gotta get a haircut if we win I get $200?'),(664,'any dude w dat gay ass dread haircut is SUS #ok'),(665,'That moment when you actually get to say Michael Clifford needs a haircut http://t.co/GbZQdmnMQi'),(666,'All the players on the Duke team have the same haircut ??'),(667,'My mom says my haircut makes me look older so hopefully people will start believing me when I tell them I\'m 19 and not 12?'),(668,'@SportsCenter why does everyone on duke have the same stupid buckweet haircut'),(669,'#LiveJericho I remember that bad haircut.'),(670,'@fkasonnenfleur I\'m mad they used that horrible haircut picture. REALLY? They cld use one less than a wk old for her, but not his VF ones? ?'),(671,'fun fact: @JohnCena has an $8 haircut #LiveJericho'),(672,'I want a new haircut'),(673,'Every black guy on duke has same nappy ass haircut'),(674,'Hey ? justin bieber ? when ❓❗️❗️ will you ? get a haircut ??✂️? @justinbieber'),(675,'I need a haircut BAD'),(676,'@mattblashaw Did you think she was gonna give you a haircut? ?'),(677,'Morning face! First haircut ng baby boy ko ☺️ #Goodmorning https://t.co/8Ssha4lSA0'),(678,'@JohnCena where can I get an 8$ haircut?!?!?! I\'m being over charged!'),(679,'So did the barber for dukes players die or they just forgot what a haircut was?'),(680,'It\'s nice to know that John Cena pays less than $10 for his haircut.'),(681,'sometimes I want s really short haircut but my hair is long af and I\'ll regret it'),(682,'@levibenton trying to go for an M. Shadows haircut, eh?'),(683,'\"I have an 8 dollar haircut now\"-John Cena'),(684,'@LeBatardShow Can\'t tell Duke\'s starters apart...same haircut...'),(685,'I\'ve never been so happy to get a haircut than I am rn for tm'),(686,'@SmithJordann or get a haircut ;-)'),(687,'@StassMvrley @cjbydesign Stass what lovely haircut you had'),(688,'Everyone on Duke has the same haircut.  It\'s like there is a bunch of clones out there.'),(689,'I got bullied today by my whole class about my haircut .'),(690,'Dammit. Forgot to make my haircut appointment. Tomorrow if anything. ?'),(691,'?⚡️ you are SO CUTE and I absolutely love your haircut!!!'),(692,'Number 12 on duke rocking the Pauly D haircut'),(693,'@Jason35358328 your haircut'),(694,'He tried to give justice a haircut ha'),(695,'I need a Haircut ??'),(696,'Goes in2 moms room to ask if i can get a better haircut soon\nSuddenly, tits appear on the tv,'),(697,'This dudes onion top haircut is too much http://t.co/P7vXFbmsvu'),(698,'I got my hair cut finally #haircut'),(699,'@The_Weeknd_Pt2 when you can\'t get the \"cool\" haircut'),(700,'I got a haircut. http://t.co/G8AsMiP3j6'),(701,'Niggas be looking like fucking slaves with that weak ass haircut...'),(702,'But It\'s my favorite haircut so whatever . ?'),(703,'gonna get a haircut:)'),(704,'@KaremilFlores but what if you become some kind of famous cosmetologist, I wanna say I got a haircut by the best ?'),(705,'I hate that haircut'),(706,'Everyone on Duke has the same haircut'),(707,'Boutta get hella freaky with my haircut'),(708,'Your haircut stinks @BronsonK_24'),(709,'I low key fucks with the fuckboy haircut tho #teamnatural'),(710,'Should I get a haircut?'),(711,'I\'m about to get that Duke haircut when I cut my dreads'),(712,'New haircut!'),(713,'ME AND ALL MY BOYS WE GOT THE SAME HAIRCUT'),(714,'Yo we need a haircut?? @Papi_Beto3 @changito_14'),(715,'Duke must have a team barber because the whole team has the same haircut'),(716,'Methinks a haircut is on the horizon. http://t.co/srTb6B49X2'),(717,'Whoever came up with the word \"Haircut\" must have been really creative...'),(718,'I need a haircut bad'),(719,'To play on duke do you have to have the same haircut as everyone on the team?'),(720,'All the duke guys have the same haircut'),(721,'Am I late noticing all duke players got the same haircut?'),(722,'mom: get a haircut you looks like euw me: grunge mom'),(723,'Why all the Duke players have the fuckboy haircut??'),(724,'@Rcepeda_ looks hot AF w/ her haircut. ??'),(725,'how long till i see folks with kendrick lamar\'s dgaf braids haircut though?'),(726,'Need a haircut man'),(727,'Everyone I knew from 1992 to 96 including myself had this haircut.... Go Duke http://t.co/YtnSwbNBEr'),(728,'Why all the dudes on duke got the same haircut? ?'),(729,'I really reaaaaaaaally need a haircut'),(730,'Everyone on duke needs a damn haircut'),(731,'I need a haircut man'),(732,'Why does the whole Duke team have the same haircut?'),(733,'Every player on dukes teams haircut. http://t.co/EDwOMnP1MM'),(734,'I need a haircut from someone with a hearing aid so they can hear me say 1 to 2 inches'),(735,'?? hi Shrek nice haircut.'),(736,'“@Nolu__: My hair grows too fast \nAlready need a haircut again”'),(737,'@Harry_Styles maybe it\'s time to get a haircut bud'),(738,'Shaving off my beard tomorrow plus eyebrow waxing and haircut ??'),(739,'\"@BasedChasen: Them duke niggas got the same haircut them niggas look like clones\" Dead ass??????'),(740,'Your haircut suggests you can sing.\n  https://t.co/Ha1OupcAun'),(741,'All the niggas on dukes team got the fine nigga haircut ???'),(742,'I bet y\'all two really was sneak dissing on my haircut between y\'all selves ?'),(743,'@L7Arel @hoodphantom_ @DareExcel the 7th grade girls like my haircut tho :/'),(744,'Everyone on Dukes starting line up has the same haircut ???'),(745,'in need of a haircut ?'),(746,'Your hair compliments the shape of your face. Know the right haircut for your face\n#hair #Fulfix #shape #face\nhttp://t.co/JSOj7B6dYG'),(747,'@JJ_bbyy *thot boy haircut'),(748,'Need advice for haircut. http://t.co/33KUjzAKEk http://t.co/iJeMHu7snp'),(749,'How come most of the Duke players have the same exact haircut...'),(750,'@rikerR5 since you were safe tonight you should surprise us next week with a haircut ?'),(751,'#selfie #me #love #Haircut #handsome #instagood #instaselfie  #LetMeTakeASelfie #Selfie #SinFiltro… https://t.co/AnVcLt6bCT'),(752,'@AlinaaJag is that a new haircut I see?'),(753,'Every Duke player has the same haircut.'),(754,'All the black guys on Duke\'s team have the same haircut'),(755,'I need a haircut so bad but im not about to trust a random barber'),(756,'@012Ach lucky for you, you just got a haircut ?'),(757,'All of Dukes players have the same haircut ?'),(758,'Just seen a little kid immaculately on-trend; haircut, skinny jeans and designer trainers. Maybe his mum would\'ve preferred a chihuahua.'),(759,'Is this a team haircut? #Duke'),(760,'Why the fuck does everyone on Duke have the same haircut?'),(761,'damn bruh whether to get a haircut this weekend or the weekend after ?'),(762,'@Hamicus_Maximus Your haircut is nice btw.'),(763,'I don\'t appreciate how we got the same haircut bruh'),(764,'11:11 ross haircut'),(765,'I finally built up the Courage to tweet my sad haircut'),(766,'I literally got the most fucked up haircut'),(767,'@_MartyMar55 ? joined the haircut team ???'),(768,'@robyngrahame  He got a haircut today............'),(769,'\"@saintxtoine: @Deeznutssssss I\'m getting a haircut tomorrow?\" ?????'),(770,'Washing your hair after getting a haircut and not being able to style it like the hairstylist did ever again'),(771,'What\'s the longest you\'ve gone without a haircut? — 1,5 year http://t.co/5LswKQzjiZ'),(772,'@Deeznutssssss I\'m getting a haircut tomorrow?'),(773,'he totally got a haircut.'),(774,'http://t.co/HOGs6u68nI @WrestlingInc @ProWrestlingTs @ewrestlingnews @haircut  didnt y2j shave is head 5 days ago http://t.co/uwsgCk3KOI'),(775,'I like my haircut now'),(776,'ショートカットが好きな人のための画像bot (a photo tweetbot for the short haircut lovers.) http://t.co/8bUa9c6n1l'),(777,'@surmsun It\'s called a losers haircut bc Wisconsin gona win lol'),(778,'Next white boy walk on? Or just in need of a haircut? Maybe it\'s both.. #ballininMYheadband http://t.co/6lQjRsMcnl'),(779,'@longlivepatback or a better haircut ?'),(780,'Does Decker from #Wisconsin remind you of #KeithVanHorn? Maybe it\'s the haircut, the size or wearing red.'),(781,'@ICEzzyG ummmm.... Getting a haircut?'),(782,'Someone got a new haircut HAHAH @evenscorpion http://t.co/qzjestq7hs'),(783,'Not until he gets a haircut http://t.co/0zLDqClVuK'),(784,'Me corté el pelo como Sasuke (Ponyo). Mañana veré las reacciones de todos. #lol #haircut #style #ponyo https://t.co/Kva2Rkvpcl'),(785,'I\'m getting a haircut tomorrow so thts hella dope as fuck'),(786,'Mixed feelings don\'t know if I should get a haircut or not'),(787,'My hair grows too fast \nAlready need a haircut again'),(788,'Sometimes i made really drastic decisions... #HairCut #NewHair #NewMe #SillyFace https://t.co/JdCqO1GFQV'),(789,'@Sererena :) I was going to respond with my post-workout selfie, but the icy cold weather (and haircut) kept my hair dry. I\'m only red-faced'),(790,'Haircut mamaya ??'),(791,'Man chuy came in clutch af today with that haircut'),(792,'Aww so handsome with his haircut ??? http://t.co/iTmHlwQSzJ'),(793,'When ur so obsessed with ur new haircut and U kinda just http://t.co/c0d5tKirxk'),(794,'Bo is your uncle that never left your hometown and Coach K is the one that left &amp; comes back w/ a fancy haircut. #NCAAChampionship'),(795,'i need my nonbiological sister to go home in this country and pay for my haircut haha'),(796,'I forgot to get a haircut...smh'),(797,'Need an haircut'),(798,'Welp my haircut sucks'),(799,'@izzyflow525 he got a haircut! He looks cutier now'),(800,'Who had a haircut?\nWhich forced by her mother? ??? http://t.co/IbQ8fldOqN'),(801,'@ryrytheflyguyy that\'s impossible, he has the baby afro haircut.'),(802,'#transformation from my passport picture from 5th grade to yesterday, will never forgive my dad for that haircut http://t.co/6Cuyd4pQ2t'),(803,'Really feeling my new haircut http://t.co/ET8l2IycDP'),(804,'now i just need a haircut and to dye my hair ??'),(805,'“@Pooh_Escobar: let 1 more person call me Dej loaf. ???” swear gotta be the haircut cause I get that too???'),(806,'@WWENetwork @WWE @IAmJericho looks like a lesbian grandmother with that haircut and scarf.'),(807,'If Duke wins Chris B is giving me a free haircut'),(808,'Babe just looks so hot with his new haircut &amp; I can\'t get Enough of him.'),(809,'Every nigga on Duke got the same haircut as me. Smh.'),(810,'New haircut ?????'),(811,'got my haircut http://t.co/w3giptoW4N'),(812,'This nigga chris brown get a new haircut every time he make a music video ?? with differnt dye and all @chrisbrown'),(813,'Yoooo just realized half of Duke\'s team is rocking the same haircut as me. Must be the universal cut for gettin  buckets ??'),(814,'I need a haircut ??'),(815,'I needa haircut ..'),(816,'@ThisIsNasty I thought Chris Jericho got a short haircut? You sure this is live? #LiveJericho'),(817,'\"You\'re slippin Jimmy. What are you gonna change?\"\n\nWell first off, that terrible haircut #BCSFinale'),(818,'Grayson keep ballin. Dook gonna let him get the team haircut fhis week.'),(819,'@5SOS ASH HAIRCUT PLSOLSOLS'),(820,'Mean lol haircut'),(821,'@Jewcas statistics show that Lucas\'s haircut is indeed cool.'),(822,'haircut when I get back is a muster'),(823,'@mamma_jamma__ Your new haircut looks so beautiful!!! What inspired you to cut it?'),(824,'@KyleCostante @J_Coopy waiting for a haircut? http://t.co/VpXte1Eyks'),(825,'Attempting to wink ? lol Got a new haircut and love it ? #selfie #haircut #smile http://t.co/PvVOnHkPNN'),(826,'And get a haircut'),(827,'cousin said getting a haircut for a boy its like getting a blowout for a girl?'),(828,'Chris got his haircut...I don\'t like him rn, but when ya nigga get a haircut ???'),(829,'My #mcm need a haircut so I\'ll put him on Twitter instead of IG ???? http://t.co/K0hqpEC9f9'),(830,'So amazing what a haircut does'),(831,'So amazing what a haircut will do'),(832,'Haircut MERH! https://t.co/vzgWvGaKr5'),(833,'New haircut ☝️ http://t.co/oWDoKc2RP1'),(834,'I badly need a haircut'),(835,'@sass_sassss they all have that same haircut'),(836,'@LAPisciTelli @GoDyeYourHair chill bro you got a haircut'),(837,'#Offers\n#VoucherCodes 59% off Full Head of Colour, Haircut, and ... \nhttp://t.co/ZAtuawwEcm http://t.co/rF2PkBb8xJ'),(838,'Had forgotten how good I looked with a haircut ?'),(839,'I think I\'d look fresh with Koenig\'s haircut'),(840,'@SamARosado   to a barber to get a decent haircut?'),(841,'All the Duke players have the same haircut'),(842,'They literally all have that same goofy haircut LOL'),(843,'Obsessing over how good my boyfriend\'s haircut is ???'),(844,'maRK SAID HE CUT A HAIRCUT TODAY BUT HE JUST ADMITTED THAT HE DIDNT MY LIFE IS A LIE'),(845,'@_JrOrtiz IGNORE UR HAIRCUT AND REPLY ITS IMPORTANT I GOT THE TEXT'),(846,'How can Duke be in this game when Grayson Allen is insulting everybody with that haircut.'),(847,'@hippydyl did you get a haircut'),(848,'All them niggas on duke got the same haircut ?'),(849,'Goin to get my haircut'),(850,'Check out our contest with @grampastaxx on Instagram! #contest #giveaway #vwfc #soccerhair #haircut #barber #newwest http://t.co/Fhd2WljwX6'),(851,'@d_rip8 @GraysonJAllen he Deff got a haircut, not so bieberish now'),(852,'Give a child with a sticky face a haircut, and what you get is a child with a beard.'),(853,'Haircut tomorrow! ??'),(854,'Ugh I knew I should of gotten a haircut yesterday ?'),(855,'Chopping On The Low ??✂️\n#CC #ClientĆelfie #ClientCam #Uzuri #Hair #HairLife #ClientLove #HairCut #Cuts... http://t.co/TvLlYnn92F'),(856,'Need a haircut ?'),(857,'ショートカットが好きな人のための画像bot (a photo tweetbot for the short haircut lovers.) http://t.co/1ziglGXUGO'),(858,'Why does everyone in the NCAA tournament have the nicest haircut known to man?✂️'),(859,'I need to get a haircut asap, but have no one to go to. Any and all recommendations are welcome ☺️?'),(860,'One of the million reasons why holidays in #Nepal can be very rewarding. A haircut costs only $ 0.50.- http://t.co/rFnFV8SBtq'),(861,'Got a haircut yesterday; can\'t wait to use @LOrealParisUSA\'s Advanced Straight shampoo &amp; conditioner to take care of my new hair. #PowerOn'),(862,'Every Duke player has the “Growing Up Gotti” haircut.'),(863,'I don\'t know, six foot three, one hundred ninety pounds. He likes... fruit, and he just got, um... a haircut.  #Seinfeld'),(864,'Everybody on duke has the same haircut'),(865,'I need a haircut so bad ?'),(866,'I NEED YOU TO TAKE ME TO GET A HAIRCUT TOMORROW'),(867,'See that is what happens when 2 women are in a 1\\4 of a mile near each other with the same haircut. http://t.co/bpMwTYsGg0'),(868,'I real need a haircut tho bad asf'),(869,'4 of the 5 starters on Duke have the same haircut'),(870,'@blsheets there is no preference. Generally I offer men\'s shampoos post cut to remove any small hairs from the haircut, and to restyle. :)'),(871,'no haircut fuk'),(872,'#24 on Wisconsin haircut is perfect ??'),(873,'New haircut , New narc ?'),(874,'guys mom made me get a haircut :/'),(875,'@sabinelisicki Great haircut! Respect!'),(876,'As long as the Duke haircut doesn’t become a thing'),(877,'Everyone on Duke has the same haircut'),(878,'All light skin niggas got the same haircut.'),(879,'The official haircut of the 2015 NCAA tournament,  lol #seriously #imgettingold #marchmadness… https://t.co/1qTSFjfjJq'),(880,'They really all got the same haircut'),(881,'I want my haircut already let\'s goooo'),(882,'Haircut tomorrow ??'),(883,'All the dudes on Duke are rockin that \"Django Unchained\" haircut'),(884,'@5SOS @Ashton5SOS if you lets your hair grow a little bit more we\'re gonna have the same haircut o.O'),(885,'“@lopezmo1: Why does every duke player have the same hair cut” i think the question is why don\'t you have that haircut?'),(886,'All the guys on duke have the same haircut'),(887,'@magalls haircut goals'),(888,'Why does everyone in this game have the same exact haircut?'),(889,'“@TJay1k: Everybody on Duke squad got dat August Alsina haircut ?”???'),(890,'散髪に行きなさいと何度も何度も言っているのだが、彼はまるで気にとめない\n《I’ve told him a dozen times to get a haircut but it is like water off a \nduck\'s back.》'),(891,'@jaydee322  lmao it\'s the truth all yall do is sit back wait for us to stress and figure things out,  buy or rent a tux and get a haircut ?'),(892,'Hey guys it\'s 11. My haircut is cool'),(893,'$40 for a haircut yeah pardon me I\'ll go take my money elsewhere'),(894,'@kathryn_dennis #SouthernCharm #bigfan please loose the bun it makes you look like an 1880 school marm.  Try a sexy new haircut?'),(895,'@ryan_miller03 I can\'t wait til you get a haircut so I can stop looking at how ugly it is'),(896,'Not digging the new haircut'),(897,'Dukan\'s beard is weak and his haircut looks like a 3rd grader\'s.'),(898,'I miss the days when Justin used to get a haircut'),(899,'literally hate that goofy ass haircut 95% of Duke\'s players have. #GoBadgers #cheeseisfromwisconsin #ilikemozzarella #thereforiamabadgersfan'),(900,'@cmmain_ @jwilly8812 I hate they\'re haircuts...all of them have the same stupid ass haircut'),(901,'pretty sure cams more upset about my haircut than anyone'),(902,'Dekker really needs to rethink that haircut'),(903,'Why everybody on Duke cop the Flex Alexander Sixth Man haircut?'),(904,'I still don\'t trust Good Old Howard. He\'s Satan with an expensive haircut. #BetterCallSaul'),(905,'The \"@JColeNC haircut\" is trending at Duke this year'),(906,'Crazy how much a haircut can change a person. Lmao http://t.co/1FY8oIJdne'),(907,'Everybody on Duke squad got dat August Alsina haircut ?'),(908,'Need a haircut ?'),(909,'Starting a kickstarter to get Ken Burns a professional haircut.'),(910,'Need a haircut badly. Got to see Cool asap'),(911,'Everyone on duke has the same haircut. Except the white guys of course'),(912,'I need a haircut ughhh'),(913,'everybody on duke got the same haircut'),(914,'Is there not a single barber in Madison? Swear to God, every player on WI\'s squad looks like they ain\'t heard the word \"haircut\" before...'),(915,'Half of Duke\'s roster has the Forest Hills Drive haircut because guys can be basic too'),(916,'everyone on duke have the same haircut'),(917,'Everyone on duke has the same haircut'),(918,'This crazy on the low, I been in the suburbs so long I forgot all us niggas had the same haircut http://t.co/nDvU8hDN3r'),(919,'Photoset: workinonthephones: This. Haircut. Bitch. Go. Off. http://t.co/khPTI6Isua'),(920,'In need of a haircut.?'),(921,'#IOnceDatedSomeoneWho had a Steve Harvey haircut #dontjudgeme'),(922,'Haircut this week ?'),(923,'I\'m obsessed with Cece\'s new haircut omg ???'),(924,'Hey, hi. I\'m Max. I have a horrible hairline and my haircut makes me look like a greaser #CallMePonyboy http://t.co/oo1XmwNrsa'),(925,'All them duke niggas got the side show bob haircut!'),(926,'why does everyone on duke have the same haircut'),(927,'Every player on Duke has the same haircut…\n\n……except this guy. http://t.co/7fVyVQBNyL'),(928,'\"@BasedChasen: Them duke niggas got the same haircut them niggas look like clones\" been saying this since the unc game'),(929,'Omm everybody in collage basketball got the same haircut??'),(930,'Shout out to my mexican madre (aka Alondra\'s mom) for my amazing haircut. Now, here\'s a picture of my cat ? http://t.co/l4jPgXNseh'),(931,'I need a haircut'),(932,'Every player on #Duke has the exact same haircut #NCAAChampionship'),(933,'DID HARRY GET A HAIRCUT???'),(934,'Nice flop. Have no idea who you are  because you all have the same fucking haircut'),(935,'Is it me or does everyone on Duke have the same haircut?'),(936,'All the duke players have the same haircut..'),(937,'Cuz Rocky is Jesus but he needs a haircut #sohappy #r5 #smile #RDMA @radiodisney http://t.co/gcTOc0yh1J'),(938,'4 players on the duke team have the same haircut ... ??'),(939,'@DingleDonger ohhhhhhhhh nothing special i i got the usual haircut i get i had to get one due to saturday'),(940,'Sooooo every nigga on Duke got the same haircut?'),(941,'So someone got a haircut.... http://t.co/XQO3bQd4tH'),(942,'Stamp D1 ball players favorite haircut is a temp fade or a faded mohawk'),(943,'@wado1 get a haircut ???'),(944,'@blue_henny_ I\'ve been saying this ever since he got that haircut ?'),(945,'#15 from Wisconsin killing me with the Tin Tin haircut tho'),(946,'also hell yes to matcha drinks + strange trails coming out tomorrow + haircut yayyyyyyyy ??'),(947,'Duke team got the same haircut'),(948,'Anyone notice that every African American on Duke has the same haircut.. I mess with that'),(949,'I look like a six year old little school girl with this haircut'),(950,'@aubreysitterson But will you commit to the Cena haircut as well?'),(951,'quin cook haircut clean asl,no homo ?.'),(952,'me @ my dog: get a job and a haircut u free loading hippie'),(953,'fuck gender roles. if i want to have a short haircut i can, if i want to wear shirts with ties then i can'),(954,'@PieceToMyPuzzle S1: long princess curls, S2: the kinda looking homeless haircut, S3: ???'),(955,'Quinn Cook got the international fuck boy haircut'),(956,'These Duke players got the J Cole haircut'),(957,'I need a haircut so bad.'),(958,'@SammIrwin why did I not know about this... Was this the same time as your lord farquaad haircut?'),(959,'@malbolgiaSJ oh I meant like.. A stylish haircut lol or did u just keep it simple'),(960,'Majority of the dudes on Duke got the J Cole haircut'),(961,'@avery_l_donovan me Seein ur new haircut and also ur beautiful face: http://t.co/b7TzwvSAha'),(962,'&gt;tfw you discover a pic of a guy that looks like you. \nI have those shades and had that haircut... http://t.co/LQyM1doTpp'),(963,'Need a haircut'),(964,'Haircut pls. Hahaha. http://t.co/muNKFEwUay'),(965,'Leonardo DiCaprio at age 19 and age 39. In 20 years he grew facial hair and got a haircut. http://t.co/MoI62H0Pxs'),(966,'All these Duke boys got the same haircut.'),(967,'Every player on Duke has the same haircut?'),(968,'DOES ANYONE WANT A FREE HAIRCUT?!? Ya girl needs a model early tomorrow morning!!!! PLZZZZ URGENT. I\'ll take good care of you!??'),(969,'Why all them duke niggas got the same haircut'),(970,'most of Dukes team got this August Alsina haircut'),(971,'@FluteByTrey all the black players got the same haircut bro look lol'),(972,'i neeeeeed a haircut -____-'),(973,'Mad bum would he cuter if he got a haircut. Hate long hair on guys'),(974,'A fresh haircut makes me want to Steiner recliner someone'),(975,'I really need a haircut'),(976,'Guy handed me a card with his hair salon on it. Not sure if he thinks i need a haircut, or thought I had style.'),(977,'Gonna need this haircut before Colorado?'),(978,'Sam Dekker has the coolest haircut'),(979,'Wanna get a haircut but so freaking lazy to get out lol'),(980,'Esos momentos donde Ian tenia un verdadero(y inmenso) bowl haircut... xD\n.\nVideo: Ian\'s birthday...\n.\nTengo poca... http://t.co/Ad3z2e3iww'),(981,'Need a haircut asap ?'),(982,'Perfil ♥\n\n#NewLook #BobStyle #HairCut :) #Desing #LoveIt #GoodNight https://t.co/CmOVym8i9C'),(983,'All the homies on duke have the same haircut'),(984,'Can\'t wait til I get a haircut'),(985,'@yungjacuzzi @michelee1215 IT CAME OUT SO FUCKING GOOD IM A BARBER NOW COME ILL GIVE U A HAIRCUT!!!'),(986,'Finally got a haircut ?'),(987,'haircut atm ? pakalbo na!'),(988,'that better ✨ got a haircut today http://t.co/XdqzzN8zGL'),(989,'Don\'t think ima go to school Cus I need a haircut'),(990,'Lmao wow all these niggas do got the same haircut'),(991,'Niggas get a new haircut &amp; don\'t know how to act'),(992,'@TNACreative @TheDeanAmbrose is nicknamed \'Lunatic Fringe\' but I fail to see why they make a song and dance of his haircut tbh'),(993,'Lmao every nigga on duke got the same haircut'),(994,'Duke players to their barber: \"I wanna haircut just like this...\" @KButter5 http://t.co/6ktlSy4GLn'),(995,'jiyoon looks great with every single haircut??? omg???'),(996,'@ChanceLydick @akyker badgers are the \"bad haircut\" of mammals #grathoughts'),(997,'@Savannahbby520 @Tyler_Rose14 were my haircut was ugly ?'),(998,'I think Aaron looks super cute with his haircut ?'),(999,'Also, I HAVE A PATCH OF GRASS ON MY HEAD MY MOM LIKE ROASTED MY SOUL ABOUT THIS HAIRCUT'),(1000,'@_omgitsveronica you look so gorg with your new haircut ???');
/*!40000 ALTER TABLE `haircuttweets_tweetssearched` ENABLE KEYS */;
UNLOCK TABLES;
/*!40103 SET TIME_ZONE=@OLD_TIME_ZONE */;

/*!40101 SET SQL_MODE=@OLD_SQL_MODE */;
/*!40014 SET FOREIGN_KEY_CHECKS=@OLD_FOREIGN_KEY_CHECKS */;
/*!40014 SET UNIQUE_CHECKS=@OLD_UNIQUE_CHECKS */;
/*!40101 SET CHARACTER_SET_CLIENT=@OLD_CHARACTER_SET_CLIENT */;
/*!40101 SET CHARACTER_SET_RESULTS=@OLD_CHARACTER_SET_RESULTS */;
/*!40101 SET COLLATION_CONNECTION=@OLD_COLLATION_CONNECTION */;
/*!40111 SET SQL_NOTES=@OLD_SQL_NOTES */;

-- Dump completed on 2015-04-09  0:07:14
